packet_idx,epoch_s,sub30_amplitude,rssi_dbm,raw_line
1,1782269728.943374,11.1803,-34,CSI_DATA,AP,98:F4:AB:29:67:94,-34,11,0,0,0,0,0,0,0,0,0,-96,0,6,1,45273068,0,28,0,0,45.669,128,[28 -64 1 0 0 0 0 0 0 0 0 0 -13 1 -12 0 -13 1 -14 0 -13 0 -12 -1 -13 -1 -12 -1 -13 -1 -12 -2 -13 -2 -13 -2 -13 -3 -12 -2 -11 -2 -13 -2 -12 -2 -11 -2 -11 -2 -11 -2 -11 -2 -11 -1 -10 -2 -11 -2 -11 -2 -11 -2 0 0 -11 -1 -11 -1 -11 -1 -11 0 -10 0 -11 0 -11 0 -10 -1 -11 1 -11 -1 -11 0 -10 0 -11 1 -10 0 -11 0 -11 0 -12 1 -11 1 -11 1 -11 1 -11 1 -11 2 -11 1 -11 1 -11 1 -10 1 0 0 0 0 0 0 0 0 0 0 ]
2,1782269728.990969,20.6155,-35,CSI_DATA,AP,98:F4:AB:29:67:94,-35,11,0,0,0,0,0,0,0,0,0,-96,0,6,1,45278354,0,157,0,0,45.703,128,[-99 -48 9 0 0 0 0 0 0 0 0 0 -20 11 -20 10 -22 11 -22 10 -21 9 -20 7 -21 7 -21 6 -22 7 -21 6 -22 6 -22 7 -23 5 -21 6 -20 5 -22 6 -20 5 -20 5 -19 4 -19 5 -19 4 -20 5 -18 4 -19 5 -20 5 -20 4 0 0 -19 6 -20 6 -19 7 -19 7 -17 7 -18 7 -18 7 -17 7 -18 9 -18 6 -19 8 -17 8 -18 9 -17 8 -18 8 -19 9 -18 10 -17 9 -18 9 -17 10 -17 9 -17 10 -17 10 -18 10 -17 11 -16 11 0 0 0 0 0 0 0 0 0 0 ]
3,1782269729.038937,35.5106,-34,CSI_DATA,AP,98:F4:AB:29:67:94,-34,11,0,0,0,0,0,0,0,0,0,-96,0,6,1,45358755,0,135,0,0,45.7545,128,[-121 112 8 0 0 0 0 0 0 0 0 0 -29 -30 -27 -30 -27 -31 -28 -32 -25 -31 -22 -32 -22 -33 -19 -33 -21 -34 -19 -32 -22 -33 -21 -33 -19 -33 -20 -33 -18 -32 -21 -34 -20 -32 -18 -29 -17 -31 -17 -30 -15 -29 -18 -30 -15 -27 -18 -29 -19 -30 -18 -29 0 0 -20 -28 -20 -28 -21 -27 -22 -25 -20 -25 -21 -27 -21 -26 -20 -25 -23 -24 -20 -24 -24 -24 -22 -23 -25 -23 -22 -23 -25 -23 -25 -24 -27 -23 -25 -22 -25 -23 -25 -22 -24 -23 -26 -21 -25 -21 -27 -21 -27 -19 -28 -19 0 0 0 0 0 0 0 0 0 0 ]
4,1782269729.538374,17.7200,-49,CSI_DATA,AP,98:F4:AB:29:67:94,-49,11,1,7,1,1,1,0,0,0,1,-96,0,6,1,45871836,0,390,0,0,46.2675,384,[-122 -31 23 0 0 0 0 0 0 0 0 0 -11 -18 -11 -18 -10 -19 -9 -19 -9 -19 -8 -19 -7 -19 -7 -19 -6 -19 -6 -19 -7 -19 -6 -19 -6 -19 -6 -19 -5 -19 -5 -19 -5 -18 -4 -18 -5 -18 -4 -18 -4 -18 -4 -18 -4 -17 -5 -17 -5 -17 -5 -17 0 0 -5 -16 -5 -16 -5 -17 -6 -15 -6 -16 -6 -16 -6 -16 -6 -16 -7 -15 -7 -15 -8 -15 -7 -15 -8 -15 -8 -15 -8 -15 -9 -15 -9 -15 -9 -15 -9 -15 -9 -14 -9 -15 -9 -15 -9 -14 -10 -14 -10 -14 -10 -14 0 0 0 0 0 0 0 0 0 0 ]
5,1782269729.586091,8.0623,-49,CSI_DATA,AP,98:F4:AB:29:67:94,-49,11,1,7,1,1,1,0,0,0,1,-96,0,6,1,45926157,0,390,0,0,46.3216,384,[-122 -31 23 0 0 0 0 0 0 0 0 0 10 -2 10 -2 10 -1 10 -1 10 0 10 0 10 0 10 0 10 0 10 1 10 1 9 1 9 1 9 1 9 1 9 1 9 1 9 1 9 1 8 1 8 1 9 1 8 1 8 1 8 1 8 1 0 0 8 0 8 1 8 0 8 0 8 1 8 0 8 0 8 0 8 0 8 -1 8 -1 8 -1 8 -1 8 -1 8 -1 8 -2 8 -1 8 -2 8 -2 8 -2 8 -2 8 -2 8 -2 8 -2 8 -2 8 -3 0 0 0 0 0 0 0 0 0 0 ]
6,1782269729.634604,6.7082,-45,CSI_DATA,AP,98:F4:AB:29:67:94,-45,11,1,7,1,1,1,0,0,0,1,-96,0,6,1,45969129,0,82,0,0,46.3645,384,[82 -96 4 0 0 0 0 0 0 0 0 0 0 8 -1 8 -1 9 -1 8 -2 8 -1 8 -2 8 -2 8 -2 7 -2 8 -2 8 -2 7 -2 7 -3 7 -3 7 -3 7 -3 7 -2 6 -3 7 -3 7 -3 6 -3 7 -2 6 -2 6 -3 6 -2 7 0 0 -3 7 -2 7 -2 7 -2 6 -2 6 -2 6 -2 7 -2 6 -1 6 -2 6 -1 7 -1 6 -1 6 0 7 -1 6 0 7 -1 7 0 6 0 7 0 7 0 7 -1 6 0 6 0 7 0 7 0 7 0 0 0 0 0 0 0 0 0 0 ]
7,1782269729.696350,9.8995,-49,CSI_DATA,AP,98:F4:AB:29:67:94,-49,11,1,7,1,1,1,0,0,0,1,-96,0,6,1,46028171,0,82,0,0,46.4237,384,[82 -96 4 0 0 0 0 0 0 0 0 0 -5 10 -7 10 -7 10 -7 9 -7 9 -7 9 -7 9 -7 9 -8 9 -8 8 -8 9 -8 8 -8 8 -8 8 -8 8 -8 8 -8 8 -7 7 -7 7 -8 7 -7 7 -7 7 -7 7 -7 7 -7 7 -7 7 0 0 -7 7 -6 7 -6 7 -6 7 -6 7 -6 7 -6 7 -6 7 -5 8 -5 8 -5 8 -5 8 -5 8 -5 8 -4 8 -4 9 -4 8 -4 8 -4 8 -4 8 -4 8 -4 8 -4 8 -3 9 -3 9 -3 9 0 0 0 0 0 0 0 0 0 0 ]
8,1782269729.728090,11.1803,-49,CSI_DATA,AP,98:F4:AB:29:67:94,-49,11,1,7,1,1,1,0,0,0,1,-96,0,6,1,46028639,0,82,0,0,46.4507,384,[82 -96 4 0 0 0 0 0 0 0 0 0 -5 -11 -4 -12 -4 -11 -4 -12 -3 -12 -3 -12 -2 -12 -2 -12 -2 -12 -2 -11 -3 -12 -2 -12 -2 -12 -2 -12 -2 -11 -2 -11 -2 -11 -1 -10 -1 -11 -1 -11 -1 -11 -1 -11 -1 -10 -1 -10 -2 -11 -2 -11 0 0 -2 -10 -2 -10 -2 -10 -2 -9 -2 -10 -2 -10 -2 -10 -2 -10 -3 -10 -3 -9 -3 -9 -3 -9 -4 -9 -4 -9 -4 -9 -4 -10 -4 -9 -4 -10 -4 -9 -5 -9 -4 -9 -5 -9 -4 -9 -5 -9 -5 -9 -5 -9 0 0 0 0 0 0 0 0 0 0 ]
9,1782269730.049860,12.4578,-49,CSI_DATA,AP,98:F4:AB:29:67:94,-49,11,1,7,1,1,1,0,0,0,1,-96,0,6,1,46372695,0,82,0,0,46.7683,384,[82 -96 4 0 0 0 0 0 0 0 0 0 -20 -5 -21 -6 -20 -7 -20 -8 -19 -8 -20 -8 -18 -9 -18 -10 -18 -9 -18 -10 -18 -9 -18 -10 -17 -10 -17 -10 -17 -10 -17 -10 -17 -9 -16 -9 -16 -10 -15 -10 -15 -10 -16 -10 -15 -9 -15 -9 -16 -9 -16 -8 0 0 -16 -8 -15 -7 -16 -7 -16 -6 -15 -7 -16 -7 -15 -7 -15 -7 -16 -6 -15 -5 -17 -5 -16 -5 -16 -4 -17 -4 -16 -3 -17 -3 -16 -3 -17 -3 -17 -3 -17 -3 -17 -2 -17 -2 -17 -2 -17 -1 -17 -1 -17 -1 0 0 0 0 0 0 0 0 0 0 ]
10,1782269730.548942,17.3244,-52,CSI_DATA,AP,98:F4:AB:29:67:94,-52,11,1,7,1,1,1,0,0,0,1,-96,0,6,1,46872799,0,82,0,0,47.2684,384,[82 -96 4 0 0 0 0 0 0 0 0 0 -11 15 -11 15 -12 14 -12 13 -12 14 -12 13 -13 13 -13 12 -13 12 -14 11 -13 11 -14 11 -13 11 -13 10 -13 10 -13 11 -12 10 -12 10 -12 9 -12 10 -12 9 -12 10 -12 9 -12 9 -12 9 -12 10 0 0 -11 10 -10 10 -10 10 -10 10 -10 10 -10 10 -10 10 -9 10 -9 11 -9 11 -8 11 -8 11 -8 11 -8 11 -7 12 -7 12 -8 13 -7 12 -7 12 -7 13 -7 12 -7 13 -7 13 -6 13 -6 13 -6 13 0 0 0 0 0 0 0 0 0 0 ]
11,1782269730.693392,21.3070,-53,CSI_DATA,AP,98:F4:AB:29:67:94,-53,11,1,7,1,1,1,0,0,0,1,-96,0,6,1,47030678,0,82,0,0,47.4262,384,[82 -96 4 0 0 0 0 0 0 0 0 0 2 19 1 19 0 19 -1 20 -1 19 -2 19 -3 19 -3 18 -3 18 -4 18 -3 19 -4 18 -4 18 -4 18 -5 17 -4 18 -4 17 -4 16 -4 16 -5 16 -5 16 -4 16 -4 15 -4 15 -4 16 -4 15 0 0 -3 15 -3 15 -3 15 -2 15 -3 15 -2 15 -2 15 -2 14 -1 14 -1 14 -1 15 -1 14 0 15 0 15 0 15 1 15 0 15 1 15 1 15 1 15 1 14 1 15 1 15 2 15 2 15 2 15 0 0 0 0 0 0 0 0 0 0 ]
12,1782269730.915532,14.0946,-52,CSI_DATA,AP,98:F4:AB:29:67:94,-52,11,1,7,1,1,1,0,0,0,1,-96,0,6,1,47244913,0,82,0,0,47.6404,384,[82 -96 4 0 0 0 0 0 0 0 0 0 6 -9 7 -10 7 -9 8 -9 7 -8 8 -8 7 -8 8 -8 8 -7 7 -7 8 -8 8 -7 8 -7 8 -7 8 -7 8 -6 8 -7 7 -6 8 -7 8 -6 8 -6 8 -6 7 -6 7 -6 7 -6 7 -7 0 0 7 -7 7 -6 7 -7 6 -7 6 -7 6 -7 6 -7 6 -7 6 -7 5 -7 6 -8 6 -7 6 -8 6 -9 5 -8 4 -8 5 -8 5 -9 5 -9 4 -9 5 -9 5 -9 4 -9 4 -9 4 -9 4 -9 0 0 0 0 0 0 0 0 0 0 ]
13,1782269730.947422,9.0843,-52,CSI_DATA,AP,98:F4:AB:29:67:94,-52,11,1,7,1,1,1,0,0,0,1,-96,0,6,1,47247943,0,82,0,0,47.6673,384,[82 -96 4 0 0 0 0 0 0 0 0 0 10 -4 10 -4 9 -3 11 -4 10 -3 11 -3 10 -2 10 -2 10 -2 10 -2 10 -2 10 -1 10 -1 10 -1 10 -1 10 -1 10 -1 9 -1 10 -1 9 -1 9 0 9 0 9 0 9 0 9 -1 9 -1 0 0 9 -1 9 -1 9 -1 9 -1 9 -1 9 -1 9 -1 8 -2 9 -2 8 -2 9 -2 8 -2 9 -2 9 -2 8 -2 9 -3 9 -2 9 -3 9 -3 9 -3 9 -3 9 -3 9 -3 9 -3 9 -3 9 -4 0 0 0 0 0 0 0 0 0 0 ]
14,1782269730.987795,9.0592,-44,CSI_DATA,AP,98:F4:AB:29:67:94,-44,11,0,0,0,0,0,0,0,0,0,-96,0,6,1,47313641,0,37,0,0,47.7092,128,[37 80 2 0 0 0 0 0 0 0 0 0 14 -6 14 -6 14 -5 16 -4 15 -4 14 -4 14 -3 14 -2 14 -2 14 -2 15 -3 14 -3 14 -1 14 -2 13 -2 14 -2 13 -2 12 -2 12 -1 12 -1 12 -2 13 -1 11 -1 11 -2 12 -3 12 -2 0 0 12 -2 12 -3 12 -3 11 -4 10 -3 11 -4 11 -3 10 -3 10 -4 10 -3 10 -4 9 -4 10 -5 10 -5 10 -5 11 -5 10 -6 9 -5 10 -5 10 -6 10 -5 9 -6 9 -6 9 -7 8 -6 9 -6 0 0 0 0 0 0 0 0 0 0 ]
15,1782269731.019774,10.4255,-48,CSI_DATA,AP,98:F4:AB:29:67:94,-48,11,0,0,0,0,0,0,0,0,0,-96,0,6,1,47356112,0,37,0,0,47.7516,128,[37 80 2 0 0 0 0 0 0 0 0 0 14 9 13 10 14 10 14 11 12 10 11 11 11 11 10 11 11 11 10 11 11 11 11 11 10 12 10 11 9 10 10 11 9 10 9 9 8 9 8 10 8 10 8 9 7 8 9 9 9 9 8 9 0 0 9 8 9 8 9 7 9 6 9 6 9 7 9 7 8 6 9 5 8 6 10 6 9 5 10 5 10 5 10 5 10 5 11 4 10 4 10 5 10 4 10 4 10 3 10 3 11 3 10 2 10 2 0 0 0 0 0 0 0 0 0 0 ]
16,1782269731.067578,16.2523,-56,CSI_DATA,AP,98:F4:AB:29:67:94,-56,11,1,7,1,1,1,0,0,0,1,-96,0,6,1,47359619,0,84,0,0,47.7785,384,[84 -64 4 0 0 0 0 0 0 0 0 0 20 -17 20 -16 20 -16 21 -15 21 -15 21 -14 21 -13 21 -12 21 -12 21 -11 22 -11 21 -10 21 -10 21 -10 21 -9 21 -10 20 -10 19 -9 18 -9 18 -9 18 -8 18 -9 17 -8 17 -9 17 -9 17 -9 0 0 16 -10 16 -10 15 -10 14 -11 14 -10 13 -11 13 -11 13 -11 13 -12 12 -12 13 -12 12 -11 12 -12 12 -13 11 -13 11 -14 11 -14 10 -14 10 -14 10 -14 10 -14 9 -15 10 -15 9 -15 9 -15 8 -15 0 0 0 0 0 0 0 0 0 0 ]
17,1782269731.114641,19.7793,-56,CSI_DATA,AP,98:F4:AB:29:67:94,-56,11,1,7,1,1,1,0,0,0,1,-96,0,6,1,47363197,0,84,0,0,47.8218,384,[84 -64 4 0 0 0 0 0 0 0 0 0 -15 18 -15 18 -15 17 -16 16 -16 16 -16 15 -16 14 -17 14 -17 14 -17 13 -17 13 -17 12 -17 12 -17 12 -17 11 -16 12 -16 11 -15 11 -16 10 -15 10 -15 10 -15 10 -14 9 -14 10 -15 10 -14 10 0 0 -13 10 -13 11 -13 11 -12 10 -12 10 -11 11 -11 11 -11 10 -11 11 -10 11 -10 12 -10 11 -9 12 -9 12 -9 12 -8 13 -8 13 -8 13 -8 13 -7 13 -8 12 -8 14 -7 13 -7 13 -7 14 -6 13 0 0 0 0 0 0 0 0 0 0 ]
18,1782269731.137898,17.8328,-50,CSI_DATA,AP,98:F4:AB:29:67:94,-50,11,1,7,1,1,1,0,0,0,1,-96,0,6,1,47436958,0,84,0,0,47.8669,384,[84 -64 4 0 0 0 0 0 0 0 0 0 3 17 3 17 2 17 1 17 1 16 0 16 0 16 0 16 -1 17 -1 16 -1 16 -1 16 -1 16 -2 16 -2 16 -2 16 -2 15 -2 14 -2 15 -2 14 -2 14 -2 15 -2 13 -2 14 -2 14 -1 14 0 0 -1 14 -1 14 -1 15 -1 13 -1 13 -1 13 -1 14 0 13 0 14 1 13 1 14 1 13 1 14 1 14 1 13 1 14 2 14 2 14 2 14 2 14 2 14 2 15 3 14 3 14 3 14 3 14 0 0 0 0 0 0 0 0 0 0 ]
19,1782269731.187738,16.9887,-56,CSI_DATA,AP,98:F4:AB:29:67:94,-56,11,1,7,1,1,1,1,0,0,1,-96,1,6,1,47529082,0,84,0,0,47.9247,384,[84 -64 4 0 0 0 0 0 0 0 0 0 10 17 10 17 9 17 9 18 8 17 7 17 7 18 6 17 6 18 5 18 5 18 5 17 4 17 4 17 4 17 4 17 4 16 4 16 4 16 4 15 4 15 4 15 4 14 4 15 4 15 5 14 0 0 5 14 5 14 6 14 6 13 5 13 6 13 6 12 6 13 7 12 7 11 8 11 7 12 8 12 8 12 9 10 9 11 10 11 9 11 10 10 10 10 10 11 11 10 11 10 11 10 11 10 11 10 0 0 0 0 0 0 0 0 0 0 ]
20,1782269731.281431,14.6257,-52,CSI_DATA,AP,98:F4:AB:29:67:94,-52,11,1,7,1,1,1,1,0,0,1,-96,1,6,1,47615020,0,84,0,0,48.0105,384,[84 -64 4 0 0 0 0 0 0 0 0 0 17 6 17 7 17 7 16 8 16 8 15 8 15 9 15 9 14 10 14 10 14 9 14 10 14 10 14 10 13 10 13 10 13 10 12 9 12 9 12 10 12 9 12 9 11 9 12 9 12 9 12 8 0 0 12 8 12 8 13 8 12 7 12 7 12 7 12 7 12 7 13 6 13 5 13 5 13 6 14 6 14 5 13 5 14 4 14 5 14 4 14 4 14 4 14 4 15 4 15 4 15 3 15 3 15 3 0 0 0 0 0 0 0 0 0 0 ]
21,1782269731.380396,17.0946,-61,CSI_DATA,AP,98:F4:AB:29:67:94,-61,11,1,7,1,1,1,1,0,0,1,-96,1,6,1,47705364,0,84,0,0,48.1009,384,[84 -64 4 0 0 0 0 0 0 0 0 0 -16 -11 -16 -12 -16 -12 -16 -13 -15 -13 -15 -13 -14 -13 -14 -13 -14 -14 -14 -15 -14 -15 -14 -15 -14 -16 -13 -16 -12 -16 -13 -16 -13 -15 -12 -15 -12 -16 -12 -15 -12 -16 -12 -16 -11 -15 -11 -15 -12 -16 -12 -15 0 0 -12 -15 -11 -15 -12 -15 -12 -14 -12 -15 -12 -15 -12 -15 -12 -15 -12 -14 -13 -13 -13 -14 -13 -14 -13 -14 -14 -14 -13 -14 -14 -13 -14 -14 -14 -13 -14 -13 -14 -13 -14 -13 -14 -14 -14 -13 -15 -13 -14 -13 -15 -13 0 0 0 0 0 0 0 0 0 0 ]
22,1782269731.632914,16.8609,-58,CSI_DATA,AP,98:F4:AB:29:67:94,-58,11,1,7,1,1,1,1,0,0,1,-96,1,6,1,47795556,0,84,0,0,48.1911,384,[84 -64 4 0 0 0 0 0 0 0 0 0 -11 -18 -11 -20 -10 -20 -9 -21 -8 -20 -8 -20 -7 -19 -7 -20 -6 -20 -5 -20 -5 -20 -5 -19 -4 -19 -4 -19 -4 -19 -4 -19 -4 -18 -4 -17 -3 -18 -3 -17 -3 -17 -3 -16 -3 -15 -4 -16 -4 -16 -5 -15 0 0 -5 -14 -4 -14 -5 -15 -5 -13 -5 -13 -6 -13 -6 -13 -6 -13 -7 -12 -7 -12 -7 -12 -8 -12 -8 -12 -8 -11 -8 -11 -9 -11 -9 -11 -10 -11 -10 -11 -10 -11 -10 -11 -11 -11 -10 -10 -11 -10 -11 -10 -11 -10 0 0 0 0 0 0 0 0 0 0 ]
23,1782269731.860841,17.6796,-56,CSI_DATA,AP,98:F4:AB:29:67:94,-56,11,1,7,1,1,1,1,0,0,1,-96,1,6,1,47883913,0,84,0,0,48.2795,384,[84 -64 4 0 0 0 0 0 0 0 0 0 -15 15 -16 14 -16 14 -17 13 -16 13 -17 12 -17 11 -17 10 -18 11 -18 10 -17 10 -17 10 -18 9 -18 10 -17 9 -17 9 -17 9 -17 9 -16 8 -17 7 -16 8 -16 8 -16 8 -15 8 -16 8 -15 9 0 0 -15 9 -15 9 -15 9 -14 10 -14 9 -14 9 -14 9 -14 9 -14 10 -13 10 -13 11 -12 11 -12 11 -12 11 -12 11 -12 12 -13 12 -12 12 -13 12 -12 12 -12 12 -12 13 -12 13 -11 13 -12 13 -12 14 0 0 0 0 0 0 0 0 0 0 ]
24,1782269732.083987,19.7324,-58,CSI_DATA,AP,98:F4:AB:29:67:94,-58,11,1,7,1,1,1,1,0,0,1,-96,1,6,1,47973393,0,84,0,0,48.3689,384,[84 -64 4 0 0 0 0 0 0 0 0 0 1 -21 5 -20 5 -19 4 -20 4 -21 6 -19 6 -19 6 -21 6 -19 6 -19 7 -20 7 -19 7 -19 7 -19 8 -18 6 -19 7 -18 8 -17 7 -17 8 -18 7 -18 8 -17 7 -18 6 -17 7 -18 7 -18 0 0 7 -18 5 -18 7 -18 5 -17 5 -16 5 -18 6 -18 4 -17 5 -18 4 -18 3 -18 2 -17 3 -18 2 -18 2 -18 1 -18 2 -18 1 -18 2 -18 1 -18 1 -19 1 -18 0 -19 -1 -19 0 -18 -1 -19 0 0 0 0 0 0 0 0 0 0 ]
25,1782269732.285619,17.7022,-59,CSI_DATA,AP,98:F4:AB:29:67:94,-59,11,1,7,1,1,1,0,0,0,1,-96,0,6,1,48028515,0,82,0,0,48.4239,384,[82 -96 4 0 0 0 0 0 0 0 0 0 4 19 3 18 2 18 2 19 2 18 1 18 0 17 0 17 -1 18 -1 17 -1 17 -1 17 -1 17 -1 17 -1 17 -1 16 -1 17 -1 15 -1 16 -1 15 -1 16 -1 16 -1 15 -1 15 -1 16 -1 16 0 0 0 15 0 16 1 17 0 15 0 15 1 16 0 16 1 16 1 16 2 16 2 16 2 16 2 17 2 18 2 16 3 17 3 17 3 17 3 18 3 17 3 18 3 19 3 17 4 18 3 18 4 18 0 0 0 0 0 0 0 0 0 0 ]
26,1782269732.517431,16.2122,-55,CSI_DATA,AP,98:F4:AB:29:67:94,-55,11,1,7,1,1,1,1,0,0,1,-96,1,6,1,48067631,0,84,0,0,48.4631,384,[84 -64 4 0 0 0 0 0 0 0 0 0 9 -2 9 -1 9 0 9 -1 9 -1 10 -1 9 0 9 0 9 0 9 0 9 0 9 0 9 1 8 1 9 1 8 1 8 1 8 1 8 1 8 1 8 1 8 1 8 1 8 1 8 1 8 1 0 0 8 1 8 1 8 1 8 0 8 1 8 0 8 0 8 0 8 0 8 -1 8 -1 8 0 8 -1 8 -1 8 -1 8 -1 8 -1 8 -1 8 -1 8 -1 8 -1 8 -1 8 -1 9 -2 8 -2 8 -2 0 0 0 0 0 0 0 0 0 0 ]
27,1782269732.736506,17.5755,-56,CSI_DATA,AP,98:F4:AB:29:67:94,-56,11,1,7,1,1,1,1,0,0,1,-96,1,6,1,48153543,0,84,0,0,48.5491,384,[84 -64 4 0 0 0 0 0 0 0 0 0 21 9 21 9 21 11 20 12 19 12 19 12 19 13 18 13 18 13 17 14 18 14 17 14 16 15 16 15 15 15 16 14 16 14 14 13 14 14 14 13 14 14 14 13 14 13 13 13 14 13 14 12 0 0 14 11 14 12 14 11 14 10 14 11 14 10 14 10 14 10 14 9 15 8 15 8 14 9 15 8 16 8 15 7 16 7 16 7 16 6 16 6 16 6 17 6 17 6 16 6 17 6 17 5 17 5 0 0 0 0 0 0 0 0 0 0 ]
28,1782269732.950675,17.6661,-61,CSI_DATA,AP,98:F4:AB:29:67:94,-61,11,1,7,1,1,1,1,0,0,1,-96,1,6,1,48243681,0,84,0,0,48.6392,384,[84 -64 4 0 0 0 0 0 0 0 0 0 -15 -12 -14 -11 -15 -13 -14 -13 -14 -13 -13 -13 -12 -13 -12 -13 -12 -13 -12 -14 -12 -14 -11 -13 -12 -14 -12 -14 -11 -14 -12 -14 -12 -13 -11 -13 -11 -14 -11 -13 -11 -14 -11 -14 -11 -14 -11 -14 -11 -14 -12 -13 0 0 -12 -13 -12 -13 -12 -13 -13 -12 -12 -13 -13 -14 -13 -13 -13 -14 -13 -13 -14 -13 -14 -13 -13 -13 -14 -13 -14 -12 -14 -13 -15 -12 -16 -14 -15 -12 -15 -13 -15 -13 -15 -13 -16 -13 -15 -13 -17 -13 -16 -13 -16 -13 0 0 0 0 0 0 0 0 0 0 ]
29,1782269733.156430,15.6888,-54,CSI_DATA,AP,98:F4:AB:29:67:94,-54,11,1,7,1,1,1,1,0,0,1,-96,1,6,1,48333631,0,84,0,0,48.7291,384,[84 -64 4 0 0 0 0 0 0 0 0 0 -10 11 -11 11 -11 10 -13 10 -12 10 -12 9 -13 9 -13 9 -13 8 -13 8 -13 8 -13 8 -13 8 -13 8 -13 7 -13 7 -13 7 -12 6 -13 6 -12 6 -12 6 -12 6 -11 6 -12 6 -12 7 -12 7 0 0 -12 7 -11 7 -12 7 -11 7 -11 7 -11 7 -11 7 -11 7 -11 8 -10 8 -10 9 -10 9 -10 9 -11 9 -10 8 -10 10 -10 9 -10 10 -10 10 -10 10 -10 10 -11 10 -10 10 -9 11 -10 11 -10 11 0 0 0 0 0 0 0 0 0 0 ]
30,1782269733.383325,14.0364,-61,CSI_DATA,AP,98:F4:AB:29:67:94,-61,11,1,7,1,1,1,1,0,0,1,-96,1,6,1,48427695,0,84,0,0,48.8232,384,[84 -64 4 0 0 0 0 0 0 0 0 0 13 -7 13 -6 13 -6 14 -5 13 -5 14 -5 13 -4 14 -4 14 -4 14 -4 13 -4 14 -4 14 -4 14 -3 14 -3 14 -3 14 -3 13 -3 14 -3 14 -3 14 -3 14 -3 13 -3 14 -3 14 -3 14 -3 0 0 14 -4 14 -4 14 -3 13 -4 14 -3 14 -4 14 -3 14 -4 14 -4 14 -5 14 -6 13 -5 14 -5 14 -6 13 -5 14 -6 14 -5 13 -7 14 -6 13 -6 14 -6 14 -6 14 -6 13 -7 14 -7 13 -7 0 0 0 0 0 0 0 0 0 0 ]
31,1782269733.600616,14.3698,-52,CSI_DATA,AP,98:F4:AB:29:67:94,-52,11,1,7,1,1,1,1,0,0,1,-96,1,6,1,48517435,0,84,0,0,48.913,384,[84 -64 4 0 0 0 0 0 0 0 0 0 -17 -5 -18 -5 -17 -6 -17 -7 -16 -7 -16 -7 -16 -7 -16 -8 -16 -8 -15 -8 -16 -8 -15 -8 -15 -9 -15 -9 -15 -9 -14 -9 -14 -9 -13 -8 -14 -9 -13 -8 -13 -8 -13 -9 -12 -8 -13 -8 -13 -8 -13 -8 0 0 -13 -7 -13 -7 -14 -8 -13 -6 -13 -7 -13 -7 -14 -6 -14 -6 -14 -6 -14 -5 -14 -5 -14 -5 -14 -5 -15 -5 -14 -5 -15 -4 -15 -5 -15 -4 -15 -4 -15 -4 -16 -4 -16 -4 -16 -4 -16 -4 -16 -4 -16 -3 0 0 0 0 0 0 0 0 0 0 ]
32,1782269733.812464,13.2858,-62,CSI_DATA,AP,98:F4:AB:29:67:94,-62,11,1,7,1,1,1,1,0,0,1,-96,1,6,1,48605937,0,84,0,0,49.0015,384,[84 -64 4 0 0 0 0 0 0 0 0 0 -4 14 -5 13 -5 13 -6 13 -6 12 -6 12 -6 12 -7 12 -7 12 -7 12 -7 12 -7 12 -8 11 -7 12 -7 11 -7 12 -7 12 -7 11 -7 11 -7 11 -7 11 -7 11 -7 11 -7 11 -7 11 -7 12 0 0 -7 12 -7 12 -7 12 -7 12 -7 12 -6 13 -7 13 -6 13 -6 13 -6 13 -6 14 -6 13 -6 14 -6 14 -5 14 -5 15 -6 14 -5 14 -6 15 -5 15 -6 15 -6 15 -6 15 -6 16 -6 15 -6 16 0 0 0 0 0 0 0 0 0 0 ]
33,1782269734.030901,15.0169,-58,CSI_DATA,AP,98:F4:AB:29:67:94,-58,11,1,7,1,1,1,1,0,0,1,-96,1,6,1,48697199,0,84,0,0,49.0927,384,[84 -64 4 0 0 0 0 0 0 0 0 0 -17 -11 -17 -12 -16 -12 -16 -13 -15 -13 -15 -13 -14 -13 -14 -13 -13 -15 -13 -13 -13 -13 -13 -13 -12 -14 -12 -14 -12 -14 -12 -13 -12 -14 -11 -13 -11 -13 -11 -13 -11 -13 -11 -13 -10 -12 -11 -12 -12 -12 -12 -12 0 0 -12 -11 -12 -11 -13 -12 -12 -10 -13 -11 -13 -11 -13 -11 -13 -10 -13 -10 -13 -9 -14 -10 -14 -10 -14 -9 -15 -10 -14 -9 -16 -9 -15 -10 -16 -9 -15 -10 -16 -9 -15 -9 -16 -10 -15 -9 -17 -9 -17 -9 -17 -9 0 0 0 0 0 0 0 0 0 0 ]
34,1782269734.251940,11.1975,-53,CSI_DATA,AP,98:F4:AB:29:67:94,-53,11,1,7,1,1,1,1,0,0,1,-96,1,6,1,48783626,0,84,0,0,49.1791,384,[84 -64 4 0 0 0 0 0 0 0 0 0 7 -7 8 -6 8 -5 8 -5 8 -5 8 -5 8 -4 8 -4 8 -4 8 -4 8 -4 8 -4 8 -3 8 -3 8 -3 8 -3 8 -3 7 -3 8 -3 7 -3 7 -3 8 -3 7 -3 7 -3 8 -3 7 -4 0 0 7 -4 7 -4 7 -4 7 -4 7 -4 7 -4 7 -4 7 -4 7 -4 6 -4 6 -5 6 -5 6 -5 7 -5 6 -5 6 -6 7 -5 6 -6 6 -5 6 -6 6 -6 6 -6 6 -6 6 -6 6 -6 6 -6 0 0 0 0 0 0 0 0 0 0 ]
35,1782269734.476709,14.2573,-66,CSI_DATA,AP,98:F4:AB:29:67:94,-66,11,1,7,1,1,1,1,0,0,1,-96,1,6,1,48877721,0,84,0,0,49.2732,384,[84 -64 4 0 0 0 0 0 0 0 0 0 0 12 0 12 -1 13 -2 12 -1 13 -2 13 -2 14 -2 13 -2 14 -3 13 -3 14 -3 14 -3 14 -4 14 -4 14 -4 15 -4 15 -4 14 -4 15 -5 14 -6 15 -5 15 -6 14 -6 15 -6 15 -6 15 0 0 -5 15 -5 16 -5 15 -4 15 -6 14 -4 15 -5 15 -5 15 -5 15 -4 16 -4 15 -5 15 -4 16 -4 16 -4 15 -4 16 -4 16 -4 16 -3 16 -3 17 -3 16 -3 17 -3 16 -2 16 -2 16 -2 16 0 0 0 0 0 0 0 0 0 0 ]
36,1782269734.694481,15.0764,-52,CSI_DATA,AP,98:F4:AB:29:67:94,-52,11,1,7,1,1,1,1,0,0,1,-96,1,6,1,48964211,0,84,0,0,49.3597,384,[84 -64 4 0 0 0 0 0 0 0 0 0 -7 -16 -6 -16 -6 -17 -5 -17 -5 -17 -5 -17 -4 -16 -3 -16 -3 -17 -3 -16 -3 -17 -3 -17 -3 -17 -2 -17 -2 -16 -2 -17 -2 -16 -2 -15 -2 -16 -2 -15 -2 -15 -2 -15 -2 -15 -2 -15 -2 -15 -2 -15 0 0 -3 -15 -3 -15 -3 -15 -4 -14 -3 -14 -3 -14 -3 -14 -4 -14 -4 -14 -5 -14 -5 -14 -5 -14 -5 -14 -5 -14 -6 -14 -6 -14 -6 -14 -6 -14 -6 -14 -7 -14 -6 -14 -7 -15 -7 -14 -8 -14 -7 -14 -8 -14 0 0 0 0 0 0 0 0 0 0 ]
37,1782269734.902112,15.5464,-53,CSI_DATA,AP,98:F4:AB:29:67:94,-53,11,1,7,1,1,1,0,0,0,1,-96,0,6,1,49031294,0,82,0,0,49.4267,384,[82 -96 4 0 0 0 0 0 0 0 0 0 -18 -2 -17 -3 -18 -4 -17 -4 -17 -5 -16 -5 -16 -5 -16 -6 -16 -6 -16 -7 -16 -6 -16 -7 -15 -7 -15 -7 -14 -7 -15 -7 -14 -7 -14 -6 -14 -7 -14 -7 -14 -7 -14 -7 -13 -7 -13 -7 -14 -7 -14 -6 0 0 -14 -6 -14 -6 -14 -5 -13 -5 -13 -5 -13 -5 -14 -5 -13 -5 -14 -4 -14 -4 -14 -4 -14 -4 -14 -4 -15 -4 -14 -3 -15 -3 -15 -3 -15 -3 -15 -3 -15 -2 -15 -3 -16 -3 -15 -2 -16 -2 -16 -2 -16 -2 0 0 0 0 0 0 0 0 0 0 ]
38,1782269735.124137,17.0457,-59,CSI_DATA,AP,98:F4:AB:29:67:94,-59,11,1,7,1,1,1,1,0,0,1,-96,1,6,1,49055844,0,84,0,0,49.4625,384,[84 -64 4 0 0 0 0 0 0 0 0 0 -3 -16 -2 -17 -2 -17 -2 -17 -2 -16 -1 -17 0 -16 0 -16 1 -17 0 -16 0 -17 1 -17 0 -17 1 -17 1 -17 1 -17 1 -16 1 -15 1 -16 1 -16 1 -16 1 -16 1 -15 1 -15 0 -17 0 -16 0 0 0 -16 0 -16 0 -17 0 -16 0 -16 0 -16 0 -17 -1 -16 -1 -16 -2 -16 -2 -16 -2 -17 -2 -17 -2 -17 -2 -17 -3 -17 -3 -17 -3 -17 -3 -18 -3 -17 -3 -17 -3 -18 -3 -17 -4 -18 -4 -18 -4 -18 0 0 0 0 0 0 0 0 0 0 ]
39,1782269735.353004,17.7948,-64,CSI_DATA,AP,98:F4:AB:29:67:94,-64,11,1,7,1,1,1,1,0,0,1,-96,1,6,1,49144318,0,84,0,0,49.5398,384,[84 -64 4 0 0 0 0 0 0 0 0 0 6 13 6 14 6 14 5 15 5 14 5 15 4 15 4 15 3 16 4 16 3 17 3 16 3 16 3 17 3 16 3 17 2 18 2 17 2 17 1 17 1 17 0 18 1 16 1 17 1 17 1 17 0 0 1 17 1 17 1 17 2 16 0 16 2 16 1 16 2 16 2 16 3 16 3 16 3 16 3 16 3 16 4 15 4 16 4 16 4 16 5 16 4 16 5 16 5 16 5 15 6 15 6 16 6 15 0 0 0 0 0 0 0 0 0 0 ]
40,1782269735.574249,17.6478,-53,CSI_DATA,AP,98:F4:AB:29:67:94,-53,11,1,7,1,1,1,1,0,0,1,-96,1,6,1,49233410,0,84,0,0,49.6289,384,[84 -64 4 0 0 0 0 0 0 0 0 0 -14 13 -14 13 -15 12 -16 12 -15 11 -15 11 -16 10 -16 10 -16 10 -16 9 -16 10 -16 9 -16 8 -16 8 -16 8 -16 8 -16 8 -15 8 -16 8 -15 7 -15 7 -15 7 -15 8 -14 8 -15 8 -14 9 0 0 -14 8 -14 9 -13 9 -13 9 -13 8 -13 9 -13 9 -13 9 -13 10 -12 10 -12 10 -12 10 -12 10 -12 11 -12 11 -11 11 -11 11 -11 11 -12 12 -11 12 -11 12 -11 12 -11 12 -10 13 -10 13 -10 13 0 0 0 0 0 0 0 0 0 0 ]
41,1782269735.786533,17.6020,-56,CSI_DATA,AP,98:F4:AB:29:67:94,-56,11,1,7,1,1,1,1,0,0,1,-96,1,6,1,49324062,0,84,0,0,49.7196,384,[84 -64 4 0 0 0 0 0 0 0 0 0 -15 -15 -15 -15 -15 -16 -13 -16 -13 -16 -13 -16 -11 -17 -12 -17 -11 -17 -10 -17 -11 -18 -10 -17 -10 -17 -10 -18 -9 -17 -9 -17 -9 -16 -9 -16 -8 -16 -9 -16 -8 -16 -8 -16 -7 -15 -8 -16 -8 -15 -8 -15 0 0 -9 -14 -9 -14 -9 -15 -8 -13 -9 -13 -9 -14 -9 -13 -10 -13 -10 -12 -10 -12 -10 -12 -10 -12 -10 -12 -11 -12 -11 -12 -11 -11 -11 -12 -11 -10 -12 -11 -12 -11 -12 -10 -12 -10 -12 -11 -12 -10 -11 -10 -13 -10 0 0 0 0 0 0 0 0 0 0 ]
42,1782269736.018095,16.2838,-62,CSI_DATA,AP,98:F4:AB:29:67:94,-62,11,1,7,1,1,1,1,0,0,1,-96,1,6,1,49414436,0,84,0,0,49.81,384,[84 -64 4 0 0 0 0 0 0 0 0 0 -4 -18 -3 -19 -3 -19 -2 -19 -2 -19 -2 -19 0 -19 0 -20 1 -20 0 -20 1 -20 1 -21 1 -20 2 -21 2 -20 2 -20 2 -21 2 -19 2 -20 3 -20 3 -20 3 -20 4 -20 3 -20 3 -21 3 -20 0 0 3 -20 2 -20 3 -20 2 -20 3 -19 3 -20 2 -21 2 -19 2 -20 1 -20 1 -20 1 -19 1 -20 0 -20 0 -20 0 -20 0 -20 0 -20 0 -20 -1 -20 0 -21 -1 -21 0 -20 -2 -22 -2 -20 -1 -21 0 0 0 0 0 0 0 0 0 0 ]
43,1782269736.231685,17.0320,-52,CSI_DATA,AP,98:F4:AB:29:67:94,-52,11,1,7,1,1,1,1,0,0,1,-96,1,6,1,49503390,0,84,0,0,49.8989,384,[84 -64 4 0 0 0 0 0 0 0 0 0 -12 -4 -12 -3 -11 -3 -12 -4 -11 -5 -11 -4 -11 -5 -11 -5 -11 -5 -10 -5 -10 -6 -10 -5 -10 -6 -10 -6 -10 -6 -10 -6 -10 -6 -9 -6 -9 -6 -9 -6 -9 -5 -9 -6 -9 -5 -9 -6 -9 -6 -9 -5 0 0 -9 -5 -9 -5 -9 -5 -9 -4 -9 -5 -9 -5 -9 -4 -9 -4 -10 -4 -9 -4 -10 -4 -10 -4 -9 -4 -10 -3 -10 -3 -10 -3 -10 -3 -10 -3 -10 -3 -10 -2 -11 -2 -11 -3 -10 -3 -11 -2 -10 -3 -11 -2 0 0 0 0 0 0 0 0 0 0 ]
44,1782269736.454021,16.9406,-56,CSI_DATA,AP,98:F4:AB:29:67:94,-56,11,1,7,1,1,1,1,0,0,0,-96,1,6,1,49598894,0,84,0,0,49.9944,384,[84 -64 4 0 0 0 0 0 0 0 0 0 10 17 9 17 9 18 9 19 8 18 8 18 8 18 7 18 7 18 6 19 6 19 5 19 5 19 4 19 4 18 4 19 4 18 4 17 4 18 4 17 4 18 4 17 4 17 3 17 3 17 4 16 0 0 4 16 5 16 5 16 5 16 4 15 6 15 5 15 6 15 6 15 7 14 6 15 6 14 7 15 7 14 8 13 8 14 9 14 9 13 9 13 10 13 9 13 10 13 9 13 10 14 10 13 10 12 0 0 0 0 0 0 0 0 0 0 ]
45,1782269736.675457,16.6255,-53,CSI_DATA,AP,98:F4:AB:29:67:94,-53,11,1,7,1,1,1,1,0,0,1,-96,1,6,1,49686639,0,84,0,0,50.0822,384,[84 -64 4 0 0 0 0 0 0 0 0 0 15 -13 16 -12 16 -12 16 -11 17 -11 16 -10 17 -9 17 -9 17 -10 17 -8 17 -9 17 -8 17 -8 17 -8 16 -7 17 -8 16 -7 16 -7 16 -7 15 -7 15 -7 16 -7 15 -7 15 -7 15 -7 15 -7 0 0 15 -8 14 -8 15 -8 14 -9 13 -8 14 -9 14 -8 13 -9 14 -9 13 -10 13 -10 13 -9 13 -10 12 -10 12 -11 12 -11 13 -11 12 -12 12 -11 12 -12 12 -12 12 -12 12 -12 12 -13 12 -13 12 -13 0 0 0 0 0 0 0 0 0 0 ]
46,1782269736.897916,17.0095,-54,CSI_DATA,AP,98:F4:AB:29:67:94,-54,11,1,7,1,1,1,1,0,0,1,-96,1,6,1,49775187,0,84,0,0,50.1706,384,[84 -64 4 0 0 0 0 0 0 0 0 0 -19 -6 -19 -7 -18 -7 -18 -8 -18 -8 -18 -8 -16 -10 -16 -10 -17 -10 -16 -10 -16 -10 -16 -10 -16 -10 -16 -11 -16 -11 -15 -10 -15 -10 -14 -10 -15 -10 -14 -10 -14 -11 -15 -10 -14 -10 -14 -10 -14 -10 -15 -9 0 0 -15 -9 -14 -9 -15 -9 -14 -8 -14 -8 -14 -9 -14 -8 -14 -8 -15 -7 -15 -6 -16 -6 -15 -6 -16 -6 -16 -6 -15 -6 -17 -5 -16 -6 -17 -5 -17 -5 -16 -5 -16 -5 -17 -5 -16 -5 -17 -4 -17 -4 -17 -4 0 0 0 0 0 0 0 0 0 0 ]
47,1782269737.120063,17.3423,-63,CSI_DATA,AP,98:F4:AB:29:67:94,-63,11,1,7,1,1,1,1,0,0,1,-96,1,6,1,49864134,0,84,0,0,50.2597,384,[84 -64 4 0 0 0 0 0 0 0 0 0 11 -13 12 -13 11 -12 12 -12 12 -12 12 -11 13 -12 14 -12 14 -11 14 -11 14 -12 14 -11 15 -10 15 -11 15 -10 15 -10 15 -10 15 -10 15 -10 15 -9 15 -10 15 -10 15 -9 15 -9 15 -9 15 -10 0 0 15 -9 15 -10 15 -10 14 -10 14 -9 14 -11 14 -10 13 -10 14 -11 13 -11 13 -11 13 -10 13 -11 13 -11 12 -11 13 -12 12 -12 12 -13 13 -12 11 -13 11 -13 12 -12 11 -13 11 -13 12 -13 11 -14 0 0 0 0 0 0 0 0 0 0 ]
48,1782269737.358074,16.9065,-52,CSI_DATA,AP,98:F4:AB:29:67:94,-52,11,1,7,1,1,1,1,0,0,1,-96,1,6,1,49956180,0,84,0,0,50.3517,384,[84 -64 4 0 0 0 0 0 0 0 0 0 -12 -14 -11 -15 -11 -15 -11 -16 -10 -16 -10 -15 -9 -16 -8 -16 -8 -16 -8 -16 -8 -16 -8 -16 -8 -16 -7 -16 -7 -16 -7 -16 -7 -16 -6 -15 -6 -15 -6 -15 -6 -15 -6 -15 -6 -14 -6 -15 -7 -15 -7 -14 0 0 -7 -14 -7 -14 -7 -15 -7 -13 -7 -14 -8 -14 -7 -14 -8 -14 -8 -13 -9 -13 -9 -13 -9 -13 -9 -13 -9 -13 -9 -12 -10 -13 -10 -13 -10 -12 -11 -13 -11 -12 -11 -12 -11 -13 -11 -12 -12 -13 -11 -12 -12 -12 0 0 0 0 0 0 0 0 0 0 ]
49,1782269737.585753,16.9220,-53,CSI_DATA,AP,98:F4:AB:29:67:94,-53,11,1,7,1,1,1,1,0,0,1,-96,1,6,1,50047670,0,84,0,0,50.4432,384,[84 -64 4 0 0 0 0 0 0 0 0 0 15 15 14 15 14 16 13 17 13 16 12 16 11 17 11 17 11 17 10 18 10 17 10 17 9 17 9 17 9 17 9 17 9 17 8 16 8 16 8 16 8 16 8 16 7 15 8 15 8 15 8 15 0 0 9 14 9 14 9 14 9 13 8 13 9 13 9 14 9 13 10 12 10 12 10 12 10 12 11 12 11 11 11 10 12 10 12 11 12 10 12 10 12 9 13 10 13 10 12 10 13 9 13 9 13 9 0 0 0 0 0 0 0 0 0 0 ]
50,1782269737.807824,16.3595,-57,CSI_DATA,AP,98:F4:AB:29:67:94,-57,11,1,7,1,1,1,1,0,0,1,-96,1,6,1,50136874,0,84,0,0,50.5324,384,[84 -64 4 0 0 0 0 0 0 0 0 0 -7 -16 -6 -17 -5 -16 -5 -17 -5 -17 -4 -17 -3 -17 -3 -17 -3 -17 -3 -17 -3 -17 -2 -17 -2 -17 -2 -17 -2 -17 -1 -17 -2 -16 -2 -16 -1 -16 -1 -16 -1 -16 -1 -16 -1 -15 -1 -15 -2 -16 -2 -16 0 0 -2 -15 -2 -15 -2 -16 -2 -15 -2 -15 -2 -16 -2 -16 -3 -15 -3 -15 -4 -15 -4 -15 -4 -15 -4 -15 -4 -16 -4 -15 -5 -16 -5 -16 -5 -16 -5 -16 -5 -16 -4 -16 -5 -16 -5 -16 -6 -16 -6 -16 -6 -16 0 0 0 0 0 0 0 0 0 0 ]
51,1782269738.033715,16.6297,-52,CSI_DATA,AP,98:F4:AB:29:67:94,-52,11,1,7,1,1,1,1,0,0,1,-96,1,6,1,50223415,0,84,0,0,50.6189,384,[84 -64 4 0 0 0 0 0 0 0 0 0 -4 10 -5 11 -5 10 -6 11 -5 9 -6 10 -6 9 -6 10 -7 9 -6 8 -6 9 -7 9 -7 9 -7 8 -7 9 -7 8 -8 9 -6 7 -7 8 -7 7 -7 8 -7 7 -6 7 -6 8 -6 8 -6 8 0 0 -6 8 -6 8 -6 8 -5 7 -6 7 -5 8 -6 8 -5 8 -5 8 -4 8 -4 9 -5 8 -4 9 -4 10 -4 8 -5 10 -4 8 -4 9 -4 10 -3 9 -3 9 -4 10 -3 9 -3 9 -3 10 -3 10 0 0 0 0 0 0 0 0 0 0 ]
52,1782269738.258951,17.3866,-60,CSI_DATA,AP,98:F4:AB:29:67:94,-60,11,1,5,1,1,1,1,0,0,0,-96,1,6,1,50317556,0,84,0,0,50.713,384,[84 -64 4 0 0 0 0 0 0 0 0 0 8 -14 8 -14 9 -14 10 -14 10 -13 10 -13 10 -13 11 -12 11 -13 11 -12 12 -13 12 -13 12 -12 13 -12 12 -12 13 -12 13 -12 12 -11 12 -11 12 -11 13 -11 13 -12 12 -11 13 -11 14 -11 13 -12 0 0 13 -12 13 -11 13 -12 12 -12 12 -11 12 -12 12 -12 12 -12 12 -12 11 -12 11 -13 11 -12 11 -13 11 -13 11 -13 11 -14 11 -13 11 -14 11 -14 10 -14 11 -14 10 -14 11 -14 10 -14 10 -14 10 -15 0 0 0 0 0 0 0 0 0 0 ]
53,1782269738.487574,16.9520,-52,CSI_DATA,AP,98:F4:AB:29:67:94,-52,11,1,7,1,1,1,1,0,0,1,-96,1,6,1,50405394,0,84,0,0,50.8009,384,[84 -64 4 0 0 0 0 0 0 0 0 0 -5 -10 -5 -10 -5 -10 -4 -10 -4 -10 -3 -10 -3 -10 -3 -10 -3 -10 -2 -11 -2 -10 -2 -10 -2 -11 -2 -10 -2 -10 -2 -10 -2 -10 -2 -10 -2 -10 -1 -9 -2 -10 -2 -10 -1 -9 -2 -9 -1 -9 -2 -9 0 0 -2 -9 -2 -9 -2 -9 -3 -9 -2 -9 -2 -9 -2 -9 -3 -9 -3 -9 -3 -9 -3 -9 -3 -9 -3 -9 -4 -9 -4 -9 -4 -9 -4 -9 -4 -9 -4 -9 -4 -9 -4 -9 -5 -9 -5 -9 -5 -9 -5 -9 -5 -9 0 0 0 0 0 0 0 0 0 0 ]
54,1782269738.713761,17.1037,-52,CSI_DATA,AP,98:F4:AB:29:67:94,-52,11,1,4,1,1,1,1,0,0,0,-96,1,6,1,50503368,0,84,0,0,50.8989,384,[84 -64 4 0 0 0 0 0 0 0 0 0 22 -5 22 -5 23 -4 22 -3 22 -3 22 -2 22 -1 21 0 22 0 22 1 22 1 22 1 21 2 21 2 21 3 22 2 21 2 20 1 19 2 19 3 19 3 20 3 19 2 19 3 19 3 19 2 0 0 18 2 19 2 19 2 18 0 17 1 18 0 17 1 18 0 18 0 18 -1 18 -1 17 -1 18 -1 17 -2 17 -2 18 -3 18 -2 18 -3 18 -4 17 -4 17 -3 18 -3 18 -3 18 -4 18 -5 17 -5 0 0 0 0 0 0 0 0 0 0 ]
55,1782269738.943187,16.8187,-69,CSI_DATA,AP,98:F4:AB:29:67:94,-69,11,1,2,1,1,1,1,0,0,0,-96,1,6,1,50593559,0,84,0,0,50.989,384,[84 -64 4 0 0 0 0 0 0 0 0 0 -14 -12 -13 -13 -12 -13 -11 -12 -10 -12 -9 -13 -7 -13 -7 -12 -7 -12 -6 -12 -6 -11 -6 -11 -7 -10 -6 -10 -6 -9 -6 -9 -6 -8 -6 -7 -6 -7 -6 -7 -6 -7 -7 -6 -7 -5 -8 -5 -8 -5 -9 -5 0 0 -9 -4 -10 -4 -10 -4 -10 -3 -11 -4 -11 -5 -12 -4 -12 -4 -13 -4 -13 -3 -14 -3 -13 -3 -14 -4 -14 -4 -15 -3 -16 -4 -16 -3 -16 -3 -15 -4 -16 -4 -16 -5 -17 -5 -16 -4 -17 -3 -17 -4 -18 -4 0 0 0 0 0 0 0 0 0 0 ]
56,1782269739.172707,15.4656,-53,CSI_DATA,AP,98:F4:AB:29:67:94,-53,11,1,7,1,1,1,1,0,0,0,-96,1,6,1,50675290,0,84,0,0,51.0708,384,[84 -64 4 0 0 0 0 0 0 0 0 0 17 -5 17 -5 17 -4 18 -3 18 -3 17 -2 17 -2 17 -2 17 -2 17 -1 17 -1 17 0 17 0 17 0 16 0 16 0 16 0 15 0 15 0 16 0 15 0 15 0 15 0 15 0 15 0 15 -1 0 0 15 -1 15 -1 15 -1 15 -2 14 -1 15 -2 15 -2 15 -2 15 -3 14 -3 14 -3 14 -3 15 -3 15 -4 14 -4 15 -5 15 -4 15 -5 15 -5 14 -5 15 -6 15 -6 15 -5 15 -6 15 -6 15 -6 0 0 0 0 0 0 0 0 0 0 ]
57,1782269739.406503,15.2272,-55,CSI_DATA,AP,98:F4:AB:29:67:94,-55,11,1,5,1,1,1,1,0,0,0,-96,1,6,1,50769069,0,84,0,0,51.1645,384,[84 -64 4 0 0 0 0 0 0 0 0 0 -17 -2 -16 -3 -17 -3 -17 -3 -17 -4 -16 -4 -16 -4 -16 -5 -16 -5 -16 -6 -16 -6 -16 -7 -15 -7 -15 -7 -15 -6 -16 -6 -15 -6 -15 -6 -14 -6 -14 -6 -14 -6 -14 -6 -14 -6 -14 -6 -14 -7 -14 -6 0 0 -14 -5 -15 -5 -14 -5 -14 -4 -13 -5 -14 -5 -14 -5 -14 -4 -14 -3 -14 -3 -15 -3 -13 -3 -14 -3 -14 -2 -14 -2 -14 -1 -15 -2 -14 -1 -15 -1 -15 -1 -15 -1 -15 -1 -15 -1 -15 -1 -15 0 -15 0 0 0 0 0 0 0 0 0 0 0 ]
58,1782269739.639480,15.2329,-54,CSI_DATA,AP,98:F4:AB:29:67:94,-54,11,1,6,1,1,1,1,0,0,0,-96,1,6,1,50859383,0,84,0,0,51.2549,384,[84 -64 4 0 0 0 0 0 0 0 0 0 15 11 14 11 14 12 14 13 13 12 13 13 12 13 11 13 11 13 10 14 11 14 11 13 10 14 10 14 10 14 10 14 9 14 9 13 9 13 8 13 9 13 8 13 8 12 9 12 9 13 9 13 0 0 9 13 10 13 9 12 9 11 9 12 10 12 9 12 10 12 10 11 10 11 11 11 11 11 11 11 12 11 11 10 12 11 12 11 12 10 12 11 12 10 12 11 12 11 12 11 13 10 13 11 13 11 0 0 0 0 0 0 0 0 0 0 ]
59,1782269739.899005,14.0183,-53,CSI_DATA,AP,98:F4:AB:29:67:94,-53,11,1,7,1,1,1,1,0,0,0,-96,1,6,1,50944878,0,84,0,0,51.3404,384,[84 -64 4 0 0 0 0 0 0 0 0 0 15 2 15 2 15 4 15 4 14 4 15 5 14 5 13 5 14 6 13 6 14 6 14 6 13 6 13 7 13 7 13 7 13 7 12 6 12 7 12 7 12 7 12 6 11 6 12 6 12 6 12 6 0 0 12 5 12 6 12 6 11 5 11 5 12 5 12 5 12 5 12 4 12 4 13 3 12 4 13 4 13 4 12 3 13 3 13 3 13 3 13 3 13 2 14 3 13 3 13 3 14 2 14 2 14 2 0 0 0 0 0 0 0 0 0 0 ]
60,1782269740.121001,10.4566,-50,CSI_DATA,AP,98:F4:AB:29:67:94,-50,11,1,6,1,1,1,1,0,0,0,-96,1,6,1,51038503,0,84,0,0,51.434,384,[84 -64 4 0 0 0 0 0 0 0 0 0 8 7 8 7 7 7 7 8 7 8 6 8 6 8 6 8 6 8 5 8 5 8 5 9 5 8 5 8 5 8 5 9 5 8 4 8 4 8 4 8 4 8 4 8 4 8 4 8 4 8 5 7 0 0 5 7 5 7 5 7 5 7 5 7 5 7 5 7 5 6 5 7 6 6 6 6 5 6 6 6 6 6 6 6 6 6 6 6 7 6 7 6 7 6 7 6 7 6 7 6 7 6 7 6 7 6 0 0 0 0 0 0 0 0 0 0 ]
61,1782269740.357725,12.3976,-53,CSI_DATA,AP,98:F4:AB:29:67:94,-53,11,1,6,1,1,1,1,0,0,0,-96,1,6,1,51138560,0,84,0,0,51.534,384,[84 -64 4 0 0 0 0 0 0 0 0 0 -16 3 -16 3 -17 3 -17 2 -16 1 -16 1 -16 1 -16 1 -16 0 -16 0 -16 -1 -16 -1 -16 -1 -16 -2 -16 -1 -16 -1 -15 -1 -15 -1 -15 -2 -15 -2 -14 -1 -15 -1 -15 -1 -14 -1 -15 -1 -15 -1 0 0 -14 -1 -15 0 -14 -1 -14 0 -14 0 -14 0 -14 0 -14 0 -14 1 -14 1 -14 1 -14 1 -14 1 -14 2 -14 2 -14 2 -15 2 -14 2 -15 3 -14 3 -14 3 -14 3 -15 3 -15 4 -14 4 -14 4 0 0 0 0 0 0 0 0 0 0 ]
62,1782269740.594252,14.0817,-50,CSI_DATA,AP,98:F4:AB:29:67:94,-50,11,1,5,1,1,1,1,0,0,0,-96,1,6,1,51217161,0,84,0,0,51.6126,384,[84 -64 4 0 0 0 0 0 0 0 0 0 16 6 16 7 16 7 16 8 16 8 15 8 14 9 14 9 14 10 14 9 14 9 14 9 13 10 14 10 14 10 13 10 13 10 12 9 12 10 12 9 12 10 12 10 12 8 12 9 12 9 13 9 0 0 12 9 13 8 13 8 12 7 12 7 13 8 13 8 13 7 13 6 13 5 14 6 13 6 14 6 14 5 13 5 16 5 15 7 14 4 15 5 15 4 15 5 15 4 15 4 16 3 15 3 16 3 0 0 0 0 0 0 0 0 0 0 ]
63,1782269740.831830,15.1399,-52,CSI_DATA,AP,98:F4:AB:29:67:94,-52,11,1,5,1,1,1,1,0,0,0,-96,1,6,1,51316290,0,84,0,0,51.7118,384,[84 -64 4 0 0 0 0 0 0 0 0 0 -10 14 -10 13 -11 13 -11 14 -11 12 -12 11 -12 12 -12 11 -12 11 -12 10 -13 11 -13 11 -12 11 -13 10 -13 9 -13 9 -13 9 -12 8 -13 8 -12 9 -12 8 -12 8 -12 8 -11 8 -12 9 -12 9 0 0 -12 9 -11 9 -11 9 -11 9 -11 9 -10 9 -10 9 -10 9 -10 9 -10 10 -10 11 -10 10 -10 11 -9 11 -9 11 -9 11 -9 11 -9 12 -9 12 -9 12 -9 12 -9 12 -9 12 -9 13 -9 13 -9 13 0 0 0 0 0 0 0 0 0 0 ]
64,1782269741.061746,16.3380,-57,CSI_DATA,AP,98:F4:AB:29:67:94,-57,11,1,6,1,1,1,1,0,0,0,-96,1,6,1,51393899,0,84,0,0,51.7893,384,[84 -64 4 0 0 0 0 0 0 0 0 0 16 -4 16 -4 17 -4 17 -3 17 -3 16 -2 16 -2 16 -1 17 -1 16 0 16 -1 17 0 16 0 16 1 15 1 16 0 16 0 16 0 15 1 15 1 15 1 15 1 15 1 15 1 16 1 15 0 0 0 16 0 15 0 15 0 15 -1 15 0 16 0 15 0 16 0 16 -1 16 -1 16 -2 15 -1 15 -1 16 -2 16 -2 16 -3 17 -2 16 -3 17 -3 16 -3 17 -2 16 -2 17 -2 17 -3 16 -3 17 -3 0 0 0 0 0 0 0 0 0 0 ]
65,1782269741.294277,15.4690,-54,CSI_DATA,AP,98:F4:AB:29:67:94,-54,11,1,6,1,1,1,1,0,0,0,-96,1,6,1,51483645,0,84,0,0,51.8792,384,[84 -64 4 0 0 0 0 0 0 0 0 0 5 -14 6 -14 6 -14 6 -14 6 -13 7 -13 7 -13 7 -12 8 -12 8 -12 8 -12 8 -12 8 -12 8 -12 8 -12 8 -12 8 -12 8 -11 8 -11 8 -10 8 -10 8 -11 8 -10 8 -11 8 -11 8 -11 0 0 7 -11 7 -11 7 -11 6 -11 7 -11 7 -11 7 -11 6 -11 6 -11 5 -11 5 -12 5 -11 5 -11 5 -12 5 -11 5 -12 4 -12 4 -13 4 -13 4 -13 4 -13 4 -13 4 -13 3 -13 3 -13 3 -13 0 0 0 0 0 0 0 0 0 0 ]
66,1782269741.527839,15.7328,-51,CSI_DATA,AP,98:F4:AB:29:67:94,-51,11,1,6,1,1,1,1,0,0,0,-96,1,6,1,51581437,0,84,0,0,51.9769,384,[84 -64 4 0 0 0 0 0 0 0 0 0 -17 1 -17 1 -17 0 -18 -1 -17 -1 -17 -2 -17 -2 -17 -3 -16 -3 -16 -3 -17 -3 -16 -3 -16 -4 -16 -4 -16 -4 -16 -4 -16 -3 -15 -4 -15 -4 -15 -4 -15 -4 -15 -5 -14 -4 -15 -4 -15 -4 -15 -3 0 0 -15 -3 -15 -3 -15 -3 -14 -2 -14 -3 -15 -3 -15 -3 -14 -2 -15 -2 -14 -1 -15 -1 -15 -1 -15 -1 -15 -1 -15 0 -15 0 -15 0 -16 0 -16 0 -15 0 -16 0 -16 0 -16 1 -16 1 -16 1 -16 2 0 0 0 0 0 0 0 0 0 0 ]
67,1782269741.758494,15.2502,-51,CSI_DATA,AP,98:F4:AB:29:67:94,-51,11,1,7,1,1,1,1,0,0,0,-96,1,6,1,51664839,0,84,0,0,52.0604,384,[84 -64 4 0 0 0 0 0 0 0 0 0 7 -15 8 -16 7 -15 9 -15 9 -14 9 -14 10 -14 10 -13 10 -14 10 -13 11 -13 11 -13 11 -12 11 -12 11 -12 11 -12 11 -12 10 -11 11 -11 11 -11 10 -11 10 -11 10 -10 10 -11 11 -11 10 -12 0 0 10 -11 9 -11 10 -12 9 -11 9 -11 9 -12 9 -12 8 -12 8 -12 8 -12 8 -13 8 -12 8 -13 7 -13 7 -13 7 -14 7 -14 7 -14 7 -14 6 -14 7 -14 6 -14 6 -14 6 -15 6 -15 6 -15 0 0 0 0 0 0 0 0 0 0 ]
68,1782269741.991928,12.0476,-48,CSI_DATA,AP,98:F4:AB:29:67:94,-48,11,1,4,1,1,1,1,0,0,0,-96,1,6,1,51757617,0,84,0,0,52.1531,384,[84 -64 4 0 0 0 0 0 0 0 0 0 -7 -11 -6 -11 -6 -12 -6 -11 -6 -12 -5 -11 -5 -12 -5 -11 -5 -12 -4 -12 -4 -12 -4 -12 -4 -12 -4 -12 -4 -11 -4 -12 -4 -11 -4 -11 -3 -11 -3 -11 -3 -11 -4 -11 -3 -11 -3 -11 -3 -11 -4 -11 0 0 -4 -10 -4 -11 -4 -10 -5 -10 -4 -10 -4 -10 -4 -10 -5 -10 -5 -10 -5 -10 -6 -9 -5 -9 -5 -9 -6 -9 -6 -9 -6 -9 -7 -10 -6 -9 -7 -9 -7 -9 -7 -9 -7 -9 -7 -9 -7 -9 -7 -9 -7 -8 0 0 0 0 0 0 0 0 0 0 ]
69,1782269742.229591,13.0126,-56,CSI_DATA,AP,98:F4:AB:29:67:94,-56,11,1,7,1,1,1,1,0,0,0,-96,1,6,1,51844078,0,84,0,0,52.2396,384,[84 -64 4 0 0 0 0 0 0 0 0 0 15 -1 15 0 15 0 15 1 15 2 15 2 15 3 14 3 15 3 15 3 15 3 14 4 14 4 14 4 14 5 14 4 14 4 13 4 14 4 14 4 13 5 14 4 13 5 13 4 13 5 13 4 0 0 13 4 13 4 14 4 13 3 13 3 13 4 13 3 13 3 13 3 13 2 14 2 14 3 14 1 14 1 13 1 14 0 14 1 14 1 14 1 14 -1 14 0 14 0 15 0 15 0 14 0 14 0 0 0 0 0 0 0 0 0 0 0 ]
70,1782269742.467365,16.3014,-56,CSI_DATA,AP,98:F4:AB:29:67:94,-56,11,1,7,1,1,1,1,0,0,0,-96,1,6,1,51933648,0,84,0,0,52.3292,384,[84 -64 4 0 0 0 0 0 0 0 0 0 19 6 19 8 19 8 19 9 18 9 18 10 17 11 17 11 17 11 16 12 17 11 17 12 16 12 16 12 15 13 16 12 15 12 14 12 14 13 14 13 14 13 14 13 13 12 14 11 14 12 14 11 0 0 14 11 14 10 15 11 14 9 14 10 14 10 14 10 14 10 14 9 14 8 15 8 15 8 15 8 15 8 15 7 16 7 16 8 16 7 16 7 16 6 16 6 16 7 16 6 17 6 16 5 16 5 0 0 0 0 0 0 0 0 0 0 ]
71,1782269742.703720,15.6039,-51,CSI_DATA,AP,98:F4:AB:29:67:94,-51,11,1,6,1,1,1,1,0,0,0,-96,1,6,1,52027993,0,84,0,0,52.4234,384,[84 -64 4 0 0 0 0 0 0 0 0 0 -6 15 -6 15 -7 15 -8 15 -8 14 -8 14 -9 14 -9 13 -9 13 -9 13 -9 13 -9 13 -9 13 -10 13 -9 12 -10 12 -10 12 -9 11 -9 11 -9 11 -10 11 -9 11 -9 11 -9 11 -9 11 -9 12 0 0 -8 11 -9 12 -8 12 -8 11 -8 11 -8 11 -8 12 -7 11 -8 12 -6 12 -6 13 -6 12 -6 12 -6 13 -6 12 -6 13 -6 13 -5 13 -6 14 -5 13 -6 14 -6 14 -5 13 -5 15 -4 14 -5 14 0 0 0 0 0 0 0 0 0 0 ]
72,1782269742.943844,15.6146,-55,CSI_DATA,AP,98:F4:AB:29:67:94,-55,11,1,6,1,1,1,1,0,0,0,-96,1,6,1,52114789,0,84,0,0,52.5103,384,[84 -64 4 0 0 0 0 0 0 0 0 0 21 19 21 19 19 21 20 21 18 21 17 21 16 21 16 21 16 21 14 23 14 22 13 23 12 22 12 22 13 22 13 21 12 21 11 20 10 20 10 19 10 20 11 19 10 19 9 19 10 19 10 18 0 0 10 17 11 16 11 17 12 15 10 15 11 15 11 15 11 14 11 13 12 12 12 13 11 12 12 12 13 12 12 11 14 10 13 11 13 10 14 10 14 9 14 9 14 9 14 9 14 9 14 8 15 7 0 0 0 0 0 0 0 0 0 0 ]
73,1782269743.185391,14.4946,-54,CSI_DATA,AP,98:F4:AB:29:67:94,-54,11,1,6,1,1,1,1,0,0,0,-96,1,6,1,52203619,0,84,0,0,52.5991,384,[84 -64 4 0 0 0 0 0 0 0 0 0 11 -10 12 -9 13 -9 13 -9 13 -9 13 -8 14 -7 13 -7 13 -7 13 -7 14 -7 14 -7 14 -6 14 -6 13 -5 13 -6 13 -6 13 -6 13 -6 13 -5 13 -5 13 -5 12 -5 13 -5 13 -5 13 -5 0 0 12 -6 12 -6 12 -6 12 -7 12 -6 12 -6 12 -6 12 -7 12 -7 11 -8 11 -8 11 -7 11 -8 11 -8 11 -9 11 -9 11 -9 11 -9 11 -9 10 -9 11 -9 11 -9 11 -9 10 -10 10 -10 10 -10 0 0 0 0 0 0 0 0 0 0 ]
74,1782269743.416411,15.5184,-50,CSI_DATA,AP,98:F4:AB:29:67:94,-50,11,1,6,1,1,1,1,0,0,0,-96,1,6,1,52294820,0,84,0,0,52.6903,384,[84 -64 4 0 0 0 0 0 0 0 0 0 18 -5 18 -4 18 -3 18 -2 18 -2 18 -2 18 -1 17 0 18 0 17 0 18 0 18 0 18 1 17 1 17 2 17 2 17 1 16 1 16 2 16 2 16 2 16 2 15 1 15 1 16 1 16 1 0 0 15 1 16 1 16 1 15 0 15 1 15 0 16 1 15 0 15 -1 15 -2 15 -2 15 -1 15 -2 16 -2 15 -2 16 -2 16 -2 16 -3 16 -3 15 -3 16 -3 16 -3 16 -3 16 -4 16 -4 16 -4 0 0 0 0 0 0 0 0 0 0 ]
75,1782269743.661595,10.8340,-60,CSI_DATA,AP,98:F4:AB:29:67:94,-60,11,1,5,1,1,1,1,0,0,0,-96,1,6,1,52387719,0,84,0,0,52.7832,384,[84 -64 4 0 0 0 0 0 0 0 0 0 -9 7 -9 6 -10 5 -10 5 -10 5 -9 4 -9 4 -10 4 -10 4 -9 3 -9 4 -10 4 -10 4 -9 3 -9 3 -9 3 -8 2 -8 2 -8 2 -8 2 -8 2 -9 2 -7 2 -8 2 -8 3 -7 3 0 0 -7 3 -8 3 -7 4 -6 3 -7 3 -6 3 -6 3 -7 4 -7 3 -6 5 -6 4 -6 4 -7 4 -7 5 -6 5 -7 5 -6 5 -6 6 -7 5 -6 6 -6 6 -7 6 -6 6 -6 6 -6 7 -7 7 0 0 0 0 0 0 0 0 0 0 ]
76,1782269743.900966,7.7783,-55,CSI_DATA,AP,98:F4:AB:29:67:94,-55,11,1,5,1,1,1,1,0,0,0,-96,1,6,1,52475136,0,84,0,0,52.8706,384,[84 -64 4 0 0 0 0 0 0 0 0 0 7 5 8 6 9 5 7 6 7 6 7 6 7 6 6 7 7 6 6 7 6 7 6 7 6 7 6 7 5 7 6 7 5 7 5 7 5 7 5 7 5 7 5 6 5 7 5 6 5 7 5 7 0 0 5 7 6 7 5 6 5 6 5 6 5 6 5 6 5 6 5 6 5 6 6 6 5 6 5 6 6 6 6 6 6 6 5 4 6 5 6 6 6 5 6 5 6 5 6 6 7 5 6 5 6 5 0 0 0 0 0 0 0 0 0 0 ]
77,1782269744.141822,12.9814,-52,CSI_DATA,AP,98:F4:AB:29:67:94,-52,11,1,6,1,1,1,1,0,0,0,-96,1,6,1,52563518,0,84,0,0,52.959,384,[84 -64 4 0 0 0 0 0 0 0 0 0 -17 10 -17 9 -18 9 -18 8 -18 8 -18 7 -18 6 -18 6 -18 6 -18 5 -18 6 -19 5 -18 5 -18 4 -17 4 -18 4 -18 4 -17 4 -17 4 -17 3 -17 3 -17 3 -16 4 -17 4 -17 3 -16 4 0 0 -16 5 -16 4 -16 5 -15 5 -15 4 -15 5 -16 5 -15 5 -15 6 -15 6 -15 7 -14 6 -14 7 -15 7 -14 8 -14 8 -14 8 -14 8 -15 9 -15 8 -14 9 -14 9 -14 9 -14 10 -14 10 -14 10 0 0 0 0 0 0 0 0 0 0 ]
78,1782269744.380751,14.7059,-59,CSI_DATA,AP,98:F4:AB:29:67:94,-59,11,1,5,1,1,1,1,0,0,0,-96,1,6,1,52656910,0,84,0,0,53.0524,384,[84 -64 4 0 0 0 0 0 0 0 0 0 7 18 5 18 5 18 4 19 4 17 3 18 1 17 1 17 1 17 1 16 2 17 1 16 1 16 1 16 1 16 1 16 0 15 0 14 1 14 0 15 0 14 0 14 1 13 2 13 2 14 1 14 0 0 2 13 2 14 3 14 3 12 2 13 3 13 3 14 3 13 4 13 4 12 5 13 5 13 6 13 6 14 5 13 6 14 7 14 6 14 7 14 7 14 6 15 7 15 8 14 8 14 8 15 8 15 0 0 0 0 0 0 0 0 0 0 ]
79,1782269744.622257,20.0489,-56,CSI_DATA,AP,98:F4:AB:29:67:94,-56,11,1,6,1,1,1,1,0,0,0,-96,1,6,1,52745951,0,84,0,0,53.1415,384,[84 -64 4 0 0 0 0 0 0 0 0 0 -24 -14 -24 -15 -24 -16 -23 -17 -22 -17 -21 -17 -21 -17 -20 -17 -20 -19 -18 -19 -18 -19 -18 -19 -17 -19 -17 -20 -16 -19 -18 -18 -16 -18 -16 -17 -15 -18 -15 -17 -15 -17 -15 -17 -14 -16 -14 -16 -15 -16 -15 -15 0 0 -15 -14 -15 -14 -15 -14 -15 -12 -14 -13 -15 -13 -15 -12 -15 -12 -15 -11 -15 -10 -16 -10 -16 -10 -16 -10 -16 -9 -17 -8 -17 -7 -17 -8 -17 -8 -18 -7 -17 -6 -18 -6 -18 -6 -18 -6 -19 -6 -18 -5 -18 -5 0 0 0 0 0 0 0 0 0 0 ]
80,1782269744.864111,19.8624,-50,CSI_DATA,AP,98:F4:AB:29:67:94,-50,11,1,5,1,1,1,1,0,0,0,-96,1,6,1,52834095,0,84,0,0,53.2296,384,[84 -64 4 0 0 0 0 0 0 0 0 0 -18 -1 -18 -2 -19 -2 -18 -3 -18 -4 -17 -4 -17 -4 -17 -5 -17 -5 -17 -6 -17 -6 -17 -6 -16 -6 -17 -7 -16 -6 -17 -7 -16 -6 -15 -6 -15 -7 -15 -7 -15 -7 -15 -7 -15 -6 -15 -7 -15 -7 -15 -6 0 0 -15 -6 -15 -6 -15 -5 -15 -4 -14 -5 -15 -5 -15 -5 -15 -5 -15 -4 -16 -3 -16 -4 -15 -4 -15 -3 -16 -3 -16 -3 -16 -2 -16 -3 -16 -3 -16 -2 -16 -2 -16 -3 -17 -2 -17 -2 -17 -2 -17 -2 -17 -2 0 0 0 0 0 0 0 0 0 0 ]
81,1782269745.116760,16.5448,-53,CSI_DATA,AP,98:F4:AB:29:67:94,-53,11,1,5,1,1,1,1,0,0,0,-96,1,6,1,52936752,0,84,0,0,53.3323,384,[84 -64 4 0 0 0 0 0 0 0 0 0 10 -14 10 -13 11 -13 11 -12 11 -12 11 -11 12 -11 12 -11 12 -11 12 -10 12 -10 12 -10 12 -9 12 -9 12 -9 12 -9 12 -8 11 -8 11 -8 11 -8 11 -8 11 -8 10 -8 10 -8 11 -7 10 -8 0 0 10 -8 10 -8 10 -8 9 -8 9 -8 9 -9 9 -9 8 -9 9 -9 8 -10 8 -10 8 -9 8 -10 8 -10 7 -10 7 -11 8 -11 7 -11 7 -12 6 -12 7 -12 7 -12 7 -12 6 -13 7 -12 7 -13 0 0 0 0 0 0 0 0 0 0 ]
82,1782269745.386266,11.2445,-58,CSI_DATA,AP,98:F4:AB:29:67:94,-58,11,1,4,1,1,1,1,0,0,0,-96,1,6,1,53019566,0,84,0,0,53.415,384,[84 -64 4 0 0 0 0 0 0 0 0 0 -8 -10 -8 -10 -7 -11 -7 -11 -7 -11 -6 -11 -6 -11 -5 -11 -5 -11 -5 -10 -5 -11 -5 -11 -4 -11 -4 -10 -4 -10 -4 -10 -4 -10 -4 -9 -3 -9 -3 -9 -4 -9 -4 -9 -3 -8 -4 -8 -4 -8 -4 -8 0 0 -4 -8 -4 -8 -4 -7 -4 -7 -4 -7 -4 -7 -4 -7 -5 -6 -5 -6 -5 -6 -6 -6 -5 -5 -6 -5 -6 -5 -6 -5 -6 -5 -6 -5 -6 -4 -7 -5 -7 -5 -6 -5 -7 -4 -7 -4 -7 -4 -7 -3 -7 -3 0 0 0 0 0 0 0 0 0 0 ]
83,1782269745.654611,6.2925,-46,CSI_DATA,AP,98:F4:AB:29:67:94,-46,11,1,5,1,1,1,1,0,0,0,-96,1,6,1,53104536,0,84,0,0,53.5001,384,[84 -64 4 0 0 0 0 0 0 0 0 0 8 -2 8 -2 8 -3 8 -2 8 -2 8 -1 9 -1 8 -1 8 -1 8 0 8 0 8 0 8 0 8 0 8 0 8 0 8 0 8 0 7 0 8 0 8 0 7 0 7 0 8 0 8 0 8 0 0 0 7 -1 8 -1 7 0 7 -1 7 0 7 -1 7 0 7 -1 7 -1 7 -2 7 -1 7 -1 7 -2 7 -2 7 -2 7 -2 8 -2 8 -2 7 -2 7 -3 7 -2 7 -2 7 -2 8 -3 7 -3 7 -2 0 0 0 0 0 0 0 0 0 0 ]
84,1782269745.899225,5.5336,-49,CSI_DATA,AP,98:F4:AB:29:67:94,-49,11,1,6,1,1,1,1,0,0,0,-96,1,6,1,53193416,0,84,0,0,53.5889,384,[84 -64 4 0 0 0 0 0 0 0 0 0 -1 10 -1 11 -2 11 -2 10 -2 10 -2 10 -3 10 -3 10 -3 10 -4 10 -4 10 -4 10 -4 9 -4 9 -4 9 -4 10 -4 9 -4 9 -4 8 -4 8 -4 8 -4 8 -4 8 -4 8 -4 8 -4 8 0 0 -3 8 -3 9 -3 8 -3 8 -3 8 -3 8 -3 8 -3 8 -3 8 -2 9 -2 9 -2 9 -2 8 -2 9 -1 9 -1 9 -1 9 -1 9 -1 9 -1 9 -1 9 -1 9 -1 10 0 9 0 9 0 9 0 0 0 0 0 0 0 0 0 0 ]
85,1782269746.150496,11.0757,-59,CSI_DATA,AP,98:F4:AB:29:67:94,-59,11,1,6,1,1,1,1,0,0,0,-96,1,6,1,53286072,0,84,0,0,53.6816,384,[84 -64 4 0 0 0 0 0 0 0 0 0 -6 20 -8 20 -8 20 -9 20 -9 19 -10 18 -11 18 -11 17 -11 17 -11 16 -11 16 -11 16 -11 16 -11 15 -11 15 -11 15 -10 14 -10 13 -10 13 -10 13 -10 13 -10 12 -9 11 -9 12 -9 12 -8 12 0 0 -7 11 -7 12 -6 12 -5 11 -6 11 -5 11 -5 11 -4 11 -4 11 -3 11 -3 12 -3 11 -2 12 -2 12 -1 11 -1 11 0 12 0 12 0 12 1 11 1 12 1 12 1 12 2 12 2 11 3 12 0 0 0 0 0 0 0 0 0 0 ]
86,1782269746.408342,15.6928,-54,CSI_DATA,AP,98:F4:AB:29:67:94,-54,11,1,6,1,1,1,1,0,0,0,-96,1,6,1,53374666,0,84,0,0,53.7702,384,[84 -64 4 0 0 0 0 0 0 0 0 0 -13 -13 -13 -13 -12 -15 -12 -15 -11 -14 -11 -15 -10 -15 -10 -15 -10 -15 -10 -15 -10 -16 -10 -16 -10 -16 -9 -16 -9 -16 -9 -16 -9 -16 -8 -15 -9 -15 -8 -15 -8 -15 -8 -15 -8 -14 -8 -15 -8 -15 -9 -15 0 0 -9 -14 -8 -14 -9 -15 -9 -13 -9 -14 -9 -14 -9 -14 -10 -14 -9 -13 -10 -12 -11 -12 -11 -12 -11 -12 -11 -13 -11 -12 -12 -12 -12 -12 -12 -12 -12 -12 -12 -12 -12 -12 -13 -12 -13 -11 -14 -12 -13 -11 -14 -11 0 0 0 0 0 0 0 0 0 0 ]
87,1782269746.641577,18.3864,-54,CSI_DATA,AP,98:F4:AB:29:67:94,-54,11,1,6,1,1,1,1,0,0,0,-96,1,6,1,53464390,0,84,0,0,53.8599,384,[84 -64 4 0 0 0 0 0 0 0 0 0 -17 9 -17 8 -18 8 -18 8 -18 7 -17 6 -18 6 -18 5 -18 5 -17 5 -18 5 -18 4 -18 4 -18 4 -17 3 -17 3 -17 4 -16 3 -16 3 -16 3 -16 3 -16 3 -15 3 -15 3 -15 3 -15 4 0 0 -15 4 -15 4 -15 4 -14 5 -14 4 -14 5 -14 5 -13 5 -14 5 -13 6 -13 7 -12 6 -12 6 -12 7 -12 7 -12 7 -12 7 -12 8 -12 8 -12 9 -12 8 -12 9 -12 9 -11 9 -11 9 -11 9 0 0 0 0 0 0 0 0 0 0 ]
88,1782269746.897440,17.8271,-50,CSI_DATA,AP,98:F4:AB:29:67:94,-50,11,1,5,1,1,1,1,0,0,0,-96,1,6,1,53556918,0,84,0,0,53.9523,384,[84 -64 4 0 0 0 0 0 0 0 0 0 -17 2 -16 2 -18 2 -17 0 -17 0 -16 0 -16 -1 -16 -1 -16 -1 -17 -2 -16 -2 -16 -2 -16 -2 -16 -3 -15 -2 -16 -2 -15 -2 -15 -2 -15 -2 -15 -2 -15 -2 -15 -2 -14 -2 -14 -2 -15 -2 -14 -2 0 0 -14 -1 -15 -1 -14 0 -14 0 -14 -1 -14 -1 -14 0 -14 0 -14 1 -15 1 -15 2 -14 1 -14 2 -14 2 -15 3 -14 3 -15 3 -14 3 -15 3 -15 4 -15 3 -15 4 -16 4 -15 4 -15 4 -15 4 0 0 0 0 0 0 0 0 0 0 ]
89,1782269747.146670,13.9405,-57,CSI_DATA,AP,98:F4:AB:29:67:94,-57,11,1,3,1,1,1,1,0,0,0,-96,1,6,1,53647676,0,84,0,0,54.0432,384,[84 -64 4 0 0 0 0 0 0 0 0 0 9 12 15 7 14 2 7 14 9 11 4 15 7 5 8 6 7 9 7 9 7 8 7 9 6 9 7 9 6 9 6 9 7 9 7 9 6 9 5 9 6 10 6 9 5 9 5 9 5 10 6 9 0 0 6 9 6 10 6 9 6 9 5 9 6 9 5 10 6 9 6 9 6 10 7 9 6 10 7 9 7 10 7 9 7 10 8 10 7 10 7 10 7 10 7 11 7 11 7 11 8 10 8 10 7 10 0 0 0 0 0 0 0 0 0 0 ]
90,1782269747.395729,8.1259,-46,CSI_DATA,AP,98:F4:AB:29:67:94,-46,11,1,5,1,1,1,1,0,0,0,-96,1,6,1,53735196,0,84,0,0,54.1307,384,[84 -64 4 0 0 0 0 0 0 0 0 0 8 -2 9 0 10 0 8 -2 8 -2 11 0 6 0 9 1 8 0 8 0 8 0 8 0 8 1 8 1 8 1 7 0 7 1 7 1 7 1 7 1 7 1 7 1 7 0 7 1 7 1 8 0 0 0 7 0 7 0 8 0 7 0 7 0 7 0 7 0 7 0 7 -1 7 -1 7 -1 7 -1 7 -2 7 -1 7 -1 7 -2 7 -2 7 -2 7 -2 7 -2 7 -2 7 -2 7 -3 7 -3 7 -3 7 -3 0 0 0 0 0 0 0 0 0 0 ]
91,1782269747.640895,11.0289,-47,CSI_DATA,AP,98:F4:AB:29:67:94,-47,11,1,6,1,1,1,1,0,0,0,-96,1,6,1,53824685,0,84,0,0,54.2202,384,[84 -64 4 0 0 0 0 0 0 0 0 0 -13 -12 -13 -13 -12 -14 -12 -14 -11 -14 -11 -14 -11 -14 -10 -14 -10 -14 -9 -15 -10 -15 -9 -15 -9 -15 -9 -15 -8 -15 -9 -15 -8 -14 -8 -14 -8 -14 -8 -14 -8 -14 -8 -14 -8 -13 -8 -13 -8 -14 -8 -13 0 0 -9 -13 -9 -13 -9 -13 -9 -12 -8 -12 -9 -12 -9 -12 -9 -12 -10 -11 -10 -11 -11 -11 -10 -11 -10 -11 -11 -11 -11 -10 -11 -10 -12 -11 -12 -10 -12 -10 -12 -10 -12 -10 -12 -10 -12 -10 -13 -10 -13 -9 -13 -9 0 0 0 0 0 0 0 0 0 0 ]
92,1782269747.886369,13.2351,-52,CSI_DATA,AP,98:F4:AB:29:67:94,-52,11,1,6,1,1,1,1,0,0,0,-96,1,6,1,53914683,0,84,0,0,54.3102,384,[84 -64 4 0 0 0 0 0 0 0 0 0 -16 -1 -17 -2 -18 -3 -18 -3 -16 -3 -17 -4 -16 -3 -16 -4 -16 -4 -16 -5 -16 -5 -16 -6 -16 -6 -16 -6 -15 -5 -16 -6 -16 -5 -15 -5 -15 -6 -14 -6 -15 -6 -15 -6 -14 -6 -14 -6 -14 -6 -14 -5 0 0 -14 -5 -15 -5 -15 -4 -14 -4 -14 -4 -14 -4 -14 -4 -14 -4 -15 -3 -14 -2 -15 -2 -14 -3 -15 -2 -15 -2 -14 -2 -15 -1 -15 -1 -15 -1 -15 -1 -15 0 -15 -1 -16 0 -15 -1 -16 0 -15 0 -16 0 0 0 0 0 0 0 0 0 0 0 ]
93,1782269748.136370,11.4873,-53,CSI_DATA,AP,98:F4:AB:29:67:94,-53,11,1,6,1,1,1,1,0,0,0,-96,1,6,1,54004775,0,84,0,0,54.4003,384,[84 -64 4 0 0 0 0 0 0 0 0 0 -7 6 -8 6 -8 6 -9 6 -7 6 -8 6 -8 6 -8 6 -8 5 -8 5 -9 5 -9 5 -9 5 -9 4 -9 4 -9 5 -9 4 -8 4 -9 4 -8 4 -8 4 -8 4 -8 3 -8 3 -8 4 -8 4 0 0 -8 4 -8 4 -8 4 -7 4 -8 4 -8 4 -8 4 -7 4 -7 4 -7 4 -7 5 -7 5 -7 5 -7 5 -7 5 -7 5 -7 5 -7 5 -7 5 -7 5 -7 5 -7 6 -7 5 -7 6 -7 6 -7 6 0 0 0 0 0 0 0 0 0 0 ]
94,1782269748.372813,15.4962,-47,CSI_DATA,AP,98:F4:AB:29:67:94,-47,11,1,6,1,1,1,1,0,0,0,-96,1,6,1,54096164,0,84,0,0,54.4917,384,[84 -64 4 0 0 0 0 0 0 0 0 0 5 17 5 18 4 18 4 19 3 18 2 18 2 18 1 18 1 18 1 18 1 18 1 18 1 18 0 18 0 17 0 18 0 17 0 17 -1 17 -1 16 -1 17 -1 16 0 16 0 16 0 17 0 16 0 0 0 16 1 16 1 16 1 15 1 15 1 15 1 16 2 15 2 15 3 15 3 15 3 15 4 15 4 16 4 15 4 15 5 15 5 15 5 15 5 15 5 15 5 16 6 15 7 15 6 15 6 15 0 0 0 0 0 0 0 0 0 0 ]
